{"weightsManifest": [{"paths": ["group1-shard1of1.bin"], "weights": [{"dtype": "float32", "shape": [3], "name": "batch_normalization_v1/gamma"}, {"dtype": "float32", "shape": [3], "name": "batch_normalization_v1/beta"}, {"dtype": "float32", "shape": [3], "name": "batch_normalization_v1/moving_mean"}, {"dtype": "float32", "shape": [3], "name": "batch_normalization_v1/moving_variance"}, {"dtype": "float32", "shape": [5, 5, 3, 64], "name": "conv2d/kernel"}, {"dtype": "float32", "shape": [64], "name": "conv2d/bias"}, {"dtype": "float32", "shape": [5, 5, 64, 32], "name": "conv2d_1/kernel"}, {"dtype": "float32", "shape": [32], "name": "conv2d_1/bias"}, {"dtype": "float32", "shape": [3, 3, 32, 32], "name": "conv2d_2/kernel"}, {"dtype": "float32", "shape": [32], "name": "conv2d_2/bias"}, {"dtype": "float32", "shape": [32, 128], "name": "dense/kernel"}, {"dtype": "float32", "shape": [128], "name": "dense/bias"}, {"dtype": "float32", "shape": [128, 64], "name": "dense_1/kernel"}, {"dtype": "float32", "shape": [64], "name": "dense_1/bias"}, {"dtype": "float32", "shape": [64, 3], "name": "dense_2/kernel"}, {"dtype": "float32", "shape": [3], "name": "dense_2/bias"}]}], "modelTopology": {"training_config": {"loss": "mean_squared_error", "loss_weights": null, "metrics": ["accuracy"], "optimizer_config": {"class_name": "Adadelta", "config": {"epsilon": 1e-07, "lr": 1.0, "rho": 0.95, "decay": 0.0}}, "weighted_metrics": null, "sample_weight_mode": null}, "keras_version": "2.2.4-tf", "model_config": {"class_name": "Sequential", "config": {"layers": [{"class_name": "BatchNormalization", "config": {"beta_constraint": null, "scale": true, "moving_mean_initializer": {"class_name": "Zeros", "config": {"dtype": "float32"}}, "name": "batch_normalization_v1", "gamma_regularizer": null, "dtype": "float32", "trainable": true, "moving_variance_initializer": {"class_name": "Ones", "config": {"dtype": "float32"}}, "center": true, "gamma_initializer": {"class_name": "Ones", "config": {"dtype": "float32"}}, "epsilon": 0.001, "gamma_constraint": null, "batch_input_shape": [null, 32, 32, 3], "beta_initializer": {"class_name": "Zeros", "config": {"dtype": "float32"}}, "beta_regularizer": null, "momentum": 0.99, "axis": [3]}}, {"class_name": "Conv2D", "config": {"kernel_constraint": null, "kernel_initializer": {"class_name": "GlorotUniform", "config": {"dtype": "float32", "seed": null}}, "name": "conv2d", "bias_regularizer": null, "bias_constraint": null, "dtype": "float32", "activation": "relu", "trainable": true, "data_format": "channels_last", "padding": "same", "strides": [1, 1], "dilation_rate": [1, 1], "kernel_regularizer": null, "filters": 64, "bias_initializer": {"class_name": "Zeros", "config": {"dtype": "float32"}}, "batch_input_shape": [null, 32, 32, 3], "use_bias": true, "activity_regularizer": null, "kernel_size": [5, 5]}}, {"class_name": "MaxPooling2D", "config": {"name": "max_pooling2d", "dtype": "float32", "trainable": true, "data_format": "channels_last", "pool_size": [4, 4], "padding": "valid", "strides": [4, 4]}}, {"class_name": "Conv2D", "config": {"kernel_constraint": null, "kernel_initializer": {"class_name": "GlorotUniform", "config": {"dtype": "float32", "seed": null}}, "name": "conv2d_1", "bias_regularizer": null, "bias_constraint": null, "dtype": "float32", "activation": "relu", "trainable": true, "data_format": "channels_last", "padding": "same", "strides": [1, 1], "dilation_rate": [1, 1], "kernel_regularizer": null, "filters": 32, "bias_initializer": {"class_name": "Zeros", "config": {"dtype": "float32"}}, "use_bias": true, "activity_regularizer": null, "kernel_size": [5, 5]}}, {"class_name": "MaxPooling2D", "config": {"name": "max_pooling2d_1", "dtype": "float32", "trainable": true, "data_format": "channels_last", "pool_size": [4, 4], "padding": "valid", "strides": [4, 4]}}, {"class_name": "Conv2D", "config": {"kernel_constraint": null, "kernel_initializer": {"class_name": "GlorotUniform", "config": {"dtype": "float32", "seed": null}}, "name": "conv2d_2", "bias_regularizer": null, "bias_constraint": null, "dtype": "float32", "activation": "relu", "trainable": true, "data_format": "channels_last", "padding": "same", "strides": [1, 1], "dilation_rate": [1, 1], "kernel_regularizer": null, "filters": 32, "bias_initializer": {"class_name": "Zeros", "config": {"dtype": "float32"}}, "use_bias": true, "activity_regularizer": null, "kernel_size": [3, 3]}}, {"class_name": "MaxPooling2D", "config": {"name": "max_pooling2d_2", "dtype": "float32", "trainable": true, "data_format": "channels_last", "pool_size": [2, 2], "padding": "valid", "strides": [2, 2]}}, {"class_name": "Flatten", "config": {"dtype": "float32", "trainable": true, "name": "flatten", "data_format": "channels_last"}}, {"class_name": "Dense", "config": {"kernel_initializer": {"class_name": "GlorotUniform", "config": {"dtype": "float32", "seed": null}}, "name": "dense", "bias_regularizer": null, "bias_constraint": null, "dtype": "float32", "activation": "relu", "trainable": true, "kernel_constraint": null, "kernel_regularizer": null, "bias_initializer": {"class_name": "Zeros", "config": {"dtype": "float32"}}, "units": 128, "use_bias": true, "activity_regularizer": null}}, {"class_name": "Dense", "config": {"kernel_initializer": {"class_name": "GlorotUniform", "config": {"dtype": "float32", "seed": null}}, "name": "dense_1", "bias_regularizer": null, "bias_constraint": null, "dtype": "float32", "activation": "relu", "trainable": true, "kernel_constraint": null, "kernel_regularizer": null, "bias_initializer": {"class_name": "Zeros", "config": {"dtype": "float32"}}, "units": 64, "use_bias": true, "activity_regularizer": null}}, {"class_name": "Dense", "config": {"kernel_initializer": {"class_name": "GlorotUniform", "config": {"dtype": "float32", "seed": null}}, "name": "dense_2", "bias_regularizer": null, "bias_constraint": null, "dtype": "float32", "activation": "linear", "trainable": true, "kernel_constraint": null, "kernel_regularizer": null, "bias_initializer": {"class_name": "Zeros", "config": {"dtype": "float32"}}, "units": 3, "use_bias": true, "activity_regularizer": null}}], "name": "sequential"}}, "backend": "tensorflow"}, "generatedBy": "keras v2.2.4-tf", "convertedBy": "TensorFlow.js Converter v1.1.2", "format": "layers-model"}